{"accuracy": [0.6785768270492554, 0.8023518919944763, 0.8356701135635376, 0.8632594347000122, 0.8766772150993347, 0.8854213953018188, 0.8824061751365662, 0.8940147757530212, 0.9015528559684753, 0.903361976146698], "loss": [0.6935808062553406, 0.43569207191467285, 0.37914198637008667, 0.33175724744796753, 0.30699393153190613, 0.2862900495529175, 0.2967292368412018, 0.2698044776916504, 0.26067879796028137, 0.26006343960762024], "val_accuracy": [0.8531468510627747, 0.8433566689491272, 0.777622401714325, 0.6951048970222473, 0.9202797412872314, 0.440559446811676, 0.7930070161819458, 0.7496503591537476, 0.7608391642570496, 0.9328671097755432], "val_loss": [0.48488104343414307, 0.33109864592552185, 0.5023147463798523, 0.5171210765838623, 0.21563531458377838, 0.9293100833892822, 0.41434597969055176, 0.48666027188301086, 0.8964459896087646, 0.19008980691432953]}